,Year,State,Unemployment Rate,Opioid Related Deaths,Population,Crude Rate,Crude Rate Lower 95% Confidence Interval,Crude Rate Upper 95% Confidence Interval,Prescriptions Dispensed by US Retailers in that year (millions)
0,1999,Alabama,6.621641791044777,39,4430141,0.9,0.6,1.2,116
1,1999,Arizona,9.251666666666667,250,5023823,5,4.4,5.6,116
2,1999,Arkansas,5.624666666666666,29,2651860,1.1,0.7,1.6,116
3,1999,California,7.499281609195402,1598,33499204,4.8,4.5,5,116
4,1999,Colorado,4.097395833333334,169,4226018,4,3.4,4.6,116
5,1999,Connecticut,2.7864583333333335,158,3386401,4.7,3.9,5.4,116
6,1999,Delaware,3.6750000000000003,32,774990,4.1,2.8,5.8,116
7,1999,Hawaii,6.508333333333333,34,1210300,2.8,1.9,3.9,116
8,1999,Idaho,6.127462121212122,32,1275674,2.5,1.7,3.5,116
9,1999,Illinois,4.559640522875817,544,12359020,4.4,4,4.8,116
10,1999,Indiana,3.3854166666666665,49,6044969,0.8,0.6,1.1,116
11,1999,Kansas,3.0434920634920637,26,2678338,1,0.6,1.4,116
12,1999,Kentucky,5.803819444444445,56,4018053,1.4,1.1,1.8,116
13,1999,Louisiana,6.728125,30,4460811,0.7,0.5,1,116
14,1999,Maine,4.802604166666667,32,1266808,2.5,1.7,3.6,116
15,1999,Maryland,4.310763888888889,503,5254509,9.6,8.7,10.4,116
16,1999,Massachusetts,3.3255952380952385,346,6317345,5.5,4.9,6.1,116
17,1999,Michigan,4.964457831325301,140,9897116,1.4,1.2,1.6,116
18,1999,Minnesota,4.050574712643678,67,4873481,1.4,1.1,1.7,116
19,1999,Missouri,3.8323188405797106,106,5561948,1.9,1.5,2.3,116
20,1999,Nevada,5.36421568627451,166,1934718,8.6,7.3,9.9,116
21,1999,New Hampshire,2.6791666666666667,41,1222014,3.4,2.4,4.6,116
22,1999,New Jersey,4.76031746031746,344,8359592,4.1,3.7,4.5,116
23,1999,New Mexico,6.756565656565656,187,1808082,10.3,8.9,11.8,116
24,1999,New York,5.320430107526882,664,18882725,3.5,3.2,3.8,116
25,1999,North Carolina,4.237416666666666,161,7949361,2,1.7,2.3,116
26,1999,Ohio,5.570170454545455,180,11335454,1.6,1.4,1.8,116
27,1999,Oklahoma,4.220670995670996,91,3437147,2.6,2.1,3.3,116
28,1999,Oregon,7.030324074074074,201,3393941,5.9,5.1,6.7,116
29,1999,Pennsylvania,5.031716417910448,328,12263805,2.7,2.4,3,116
30,1999,Rhode Island,3.705,36,1040402,3.5,2.4,4.8,116
31,1999,South Carolina,5.979891304347826,50,3974682,1.3,0.9,1.7,116
32,1999,Tennessee,5.411491228070176,91,5638706,1.6,1.3,2,116
33,1999,Texas,5.5109580052493445,379,20558220,1.8,1.7,2,116
34,1999,Utah,4.926724137931035,145,2203482,6.6,5.5,7.7,116
35,1999,Virginia,3.6348370927318294,210,7000174,3,2.6,3.4,116
36,1999,Washington,6.872863247863248,372,5842564,6.4,5.7,7,116
37,1999,West Virginia,8.027878787878787,34,1811799,1.9,1.3,2.6,116
38,1999,Wisconsin,3.9076388888888887,85,5332666,1.6,1.3,2,116
39,2000,Alabama,5.503482587064677,46,4447100,1,0.8,1.4,126
40,2000,Arizona,6.0505555555555555,249,5130632,4.9,4.3,5.5,126
41,2000,Arkansas,4.835555555555556,20,2673400,0.7,0.5,1.2,126
42,2000,California,6.270833333333333,1105,33871648,3.3,3.1,3.5,126
43,2000,Colorado,3.298828125,184,4301261,4.3,3.7,4.9,126
44,2000,Connecticut,2.308333333333333,173,3405565,5.1,4.3,5.8,126
45,2000,Delaware,3.8472222222222223,36,783600,4.6,3.2,6.4,126
46,2000,Hawaii,4.472916666666666,31,1211537,2.6,1.7,3.6,126
47,2000,Idaho,5.622727272727273,29,1293953,2.2,1.5,3.2,126
48,2000,Illinois,4.559967320261437,629,12419293,5.1,4.7,5.5,126
49,2000,Indiana,3.3271739130434783,47,6080485,0.8,0.6,1,126
50,2000,Kansas,3.3096825396825396,23,2688418,0.9,0.5,1.3,126
51,2000,Kentucky,4.942291666666667,94,4041769,2.3,1.9,2.8,126
52,2000,Louisiana,6.078125,53,4468976,1.2,0.9,1.6,126
53,2000,Maine,3.8598958333333333,42,1274923,3.3,2.4,4.5,126
54,2000,Maryland,3.9243055555555557,497,5296486,9.4,8.6,10.2,126
55,2000,Massachusetts,2.7333333333333334,319,6349097,5,4.5,5.6,126
56,2000,Michigan,4.740963855421687,196,9938444,2,1.7,2.2,126
57,2000,Minnesota,3.9958812260536396,69,4919479,1.4,1.1,1.8,126
58,2000,Missouri,3.976521739130435,138,5595211,2.5,2.1,2.9,126
59,2000,Nevada,4.751470588235294,203,1998257,10.2,8.8,11.6,126
60,2000,New Hampshire,2.6791666666666667,29,1235786,2.3,1.6,3.4,126
61,2000,New Jersey,3.8023809523809526,363,8414350,4.3,3.9,4.8,126
62,2000,New Mexico,5.706565656565657,190,1819046,10.4,9,11.9,126
63,2000,New York,4.273521505376344,521,18976457,2.7,2.5,3,126
64,2000,North Carolina,4.328416666666667,292,8049313,3.6,3.2,4,126
65,2000,Ohio,4.65625,270,11353140,2.4,2.1,2.7,126
66,2000,Oklahoma,3.2753246753246756,136,3450654,3.9,3.3,4.6,126
67,2000,Oregon,6.21712962962963,178,3421399,5.2,4.4,6,126
68,2000,Pennsylvania,4.466044776119403,330,12281054,2.7,2.4,3,126
69,2000,Rhode Island,3.7783333333333333,61,1048319,5.8,4.5,7.5,126
70,2000,South Carolina,4.526992753623189,90,4012012,2.2,1.8,2.8,126
71,2000,Tennessee,4.601491228070175,103,5689283,1.8,1.5,2.2,126
72,2000,Texas,4.696751968503937,457,20851820,2.2,2,2.4,126
73,2000,Utah,4.181034482758621,159,2233169,7.1,6,8.2,126
74,2000,Vermont,3.1059523809523806,24,608827,3.9,2.5,5.9,126
75,2000,Virginia,2.845802005012531,260,7078515,3.7,3.2,4.1,126
76,2000,Washington,6.739957264957265,374,5894121,6.3,5.7,7,126
77,2000,West Virginia,6.182727272727273,52,1808344,2.9,2.1,3.8,126
78,2000,Wisconsin,3.9868055555555553,117,5363675,2.2,1.8,2.6,126
79,2001,Alabama,6.250995024875622,67,4467634,1.5,1.2,1.9,138
80,2001,Arizona,6.796666666666667,275,5273477,5.2,4.6,5.8,138
81,2001,Arkansas,5.652444444444444,30,2691571,1.1,0.8,1.6,138
82,2001,California,6.62183908045977,605,34479458,1.8,1.6,1.9,138
83,2001,Colorado,3.9045572916666664,204,4425687,4.6,4,5.2,138
84,2001,Connecticut,2.9760416666666667,158,3432835,4.6,3.9,5.3,138
85,2001,Delaware,3.566666666666667,40,795699,5,3.6,6.8,138
86,2001,Hawaii,4.8,39,1225948,3.2,2.3,4.3,138
87,2001,Idaho,5.9437500000000005,51,1319962,3.9,2.9,5.1,138
88,2001,Illinois,5.200081699346405,583,12488445,4.7,4.3,5,138
89,2001,Indiana,4.491666666666667,79,6127760,1.3,1,1.6,138
90,2001,Iowa,3.4898148148148147,29,2931997,1,0.7,1.4,138
91,2001,Kansas,3.876349206349206,47,2702162,1.7,1.3,2.3,138
92,2001,Kentucky,5.919097222222222,149,4068132,3.7,3.1,4.3,138
93,2001,Maine,4.3265625000000005,61,1285692,4.7,3.6,6.1,138
94,2001,Maryland,4.331944444444444,500,5374691,9.3,8.5,10.1,138
95,2001,Massachusetts,3.5374999999999996,519,6397634,8.1,7.4,8.8,138
96,2001,Michigan,6.391164658634539,211,9991120,2.1,1.8,2.4,138
97,2001,Minnesota,4.388984674329502,112,4982796,2.2,1.8,2.7,138
98,2001,Mississippi,6.676422764227643,26,2852994,0.9,0.6,1.3,138
99,2001,Missouri,5.054130434782609,137,5641142,2.4,2,2.8,138
100,2001,Montana,4.727083333333333,21,906961,2.3,1.4,3.5,138
101,2001,Nebraska,3.0212365591397847,32,1719836,1.9,1.3,2.6,138
102,2001,Nevada,5.48921568627451,205,2098399,9.8,8.4,11.1,138
103,2001,New Hampshire,3.345833333333333,53,1255517,4.2,3.2,5.5,138
104,2001,New Jersey,4.31904761904762,419,8492671,4.9,4.5,5.4,138
105,2001,New Mexico,5.627020202020202,155,1831690,8.5,7.1,9.8,138
106,2001,New York,4.538844086021506,654,19082838,3.4,3.2,3.7,138
107,2001,North Carolina,6.26525,342,8210122,4.2,3.7,4.6,138
108,2001,Ohio,4.842234848484848,356,11387404,3.1,2.8,3.5,138
109,2001,Oklahoma,3.783116883116883,170,3467100,4.9,4.2,5.6,138
110,2001,Oregon,7.483796296296297,198,3467937,5.7,4.9,6.5,138
111,2001,Pennsylvania,5.386069651741293,266,12298970,2.2,1.9,2.4,138
112,2001,Rhode Island,4.08,86,1057142,8.1,6.5,10,138
113,2001,South Carolina,6.346920289855072,89,4064995,2.2,1.8,2.7,138
114,2001,Tennessee,5.569210526315789,145,5750789,2.5,2.1,2.9,138
115,2001,Texas,4.9783106657122405,602,21319622,2.8,2.6,3,138
116,2001,Utah,5.044540229885057,167,2283715,7.3,6.2,8.4,138
117,2001,Vermont,3.5922619047619047,39,612223,6.4,4.5,8.7,138
118,2001,Virginia,3.8173558897243107,326,7198362,4.5,4,5,138
119,2001,Washington,7.936752136752137,332,5985722,5.5,4.9,6.1,138
120,2001,West Virginia,5.5669696969696965,150,1801481,8.3,7,9.7,138
121,2001,Wisconsin,4.984259259259259,143,5406835,2.6,2.2,3.1,138
122,2002,Alabama,7.025497512437811,75,4480089,1.7,1.3,2.1,142
123,2002,Arizona,7.803333333333333,340,5396255,6.3,5.6,7,142
124,2002,Arkansas,6.195,96,2705927,3.5,2.9,4.3,142
125,2002,California,7.603448275862069,1583,34871843,4.5,4.3,4.8,142
126,2002,Colorado,5.017447916666667,206,4490406,4.6,4,5.2,142
127,2002,Connecticut,4.145833333333333,174,3458749,5,4.3,5.8,142
128,2002,Delaware,3.9444444444444446,54,806169,6.7,5,8.7,142
129,2002,Hawaii,4.3875,48,1239613,3.9,2.9,5.1,142
130,2002,Idaho,6.258333333333334,45,1340372,3.4,2.4,4.5,142
131,2002,Illinois,5.895833333333333,612,12525556,4.9,4.5,5.3,142
132,2002,Indiana,5.316123188405797,74,6155967,1.2,0.9,1.5,142
133,2002,Iowa,4.095286195286195,41,2934234,1.4,1,1.9,142
134,2002,Kansas,4.231111111111111,87,2713535,3.2,2.6,4,142
135,2002,Kentucky,6.317500000000001,185,4089875,4.5,3.9,5.2,142
136,2002,Maine,4.860416666666667,100,1295960,7.7,6.2,9.2,142
137,2002,Maryland,4.621527777777778,562,5440389,10.3,9.5,11.2,142
138,2002,Massachusetts,4.780357142857143,491,6417206,7.7,7,8.3,142
139,2002,Michigan,7.255421686746987,248,10015710,2.5,2.2,2.8,142
140,2002,Minnesota,4.83544061302682,112,5018935,2.2,1.8,2.6,142
141,2002,Mississippi,7.811788617886179,27,2858681,0.9,0.6,1.4,142
142,2002,Missouri,5.647463768115942,198,5674825,3.5,3,4,142
143,2002,Montana,4.7110119047619055,21,911667,2.3,1.4,3.5,142
144,2002,Nebraska,3.3587813620071687,25,1728292,1.4,0.9,2.1,142
145,2002,Nevada,5.3426470588235295,270,2173791,12.4,10.9,13.9,142
146,2002,New Hampshire,4.17,83,1269089,6.5,5.2,8.1,142
147,2002,New Jersey,5.77936507936508,505,8552643,5.9,5.4,6.4,142
148,2002,New Mexico,5.959595959595959,205,1855309,11,9.5,12.6,142
149,2002,New York,5.463844086021505,586,19137800,3.1,2.8,3.3,142
150,2002,North Carolina,7.2,412,8326201,4.9,4.5,5.4,142
151,2002,Ohio,6.209753787878788,459,11407889,4,3.7,4.4,142
152,2002,Oklahoma,4.749675324675325,152,3489080,4.4,3.7,5,142
153,2002,Oregon,7.991203703703703,247,3513424,7,6.2,7.9,142
154,2002,Pennsylvania,6.052238805970149,357,12331031,2.9,2.6,3.2,142
155,2002,Rhode Island,4.551666666666667,77,1065995,7.2,5.7,9,142
156,2002,South Carolina,6.902355072463768,85,4107795,2.1,1.7,2.6,142
157,2002,Tennessee,6.179736842105263,179,5795918,3.1,2.6,3.5,142
158,2002,Texas,6.104232283464567,788,21690325,3.6,3.4,3.9,142
159,2002,Utah,6.11580459770115,213,2324815,9.2,7.9,10.4,142
160,2002,Vermont,4.325,41,615442,6.7,4.8,9,142
161,2002,Virginia,4.880263157894737,361,7286873,5,4.4,5.5,142
162,2002,Washington,8.436111111111112,474,6052349,7.8,7.1,8.5,142
163,2002,West Virginia,6.598030303030303,183,1805414,10.1,8.7,11.6,142
164,2002,Wisconsin,5.747222222222223,173,5445162,3.2,2.7,3.7,142
165,2003,Alabama,7.0752487562189055,54,4503491,1.2,0.9,1.6,149
166,2003,Arizona,7.597222222222222,350,5510364,6.4,5.7,7,149
167,2003,Arkansas,6.736,98,2724816,3.6,2.9,4.4,149
168,2003,California,7.929310344827586,1530,35253159,4.3,4.1,4.6,149
169,2003,Colorado,5.551432291666667,229,4528732,5.1,4.4,5.7,149
170,2003,Connecticut,5.2,168,3484336,4.8,4.1,5.6,149
171,2003,Delaware,4.147222222222222,46,818003,5.6,4.1,7.5,149
172,2003,Hawaii,4.2625,47,1251154,3.8,2.8,5,149
173,2003,Idaho,6.38409090909091,55,1363380,4,3,5.3,149
174,2003,Illinois,6.604820261437909,504,12556006,4,3.7,4.4,149
175,2003,Indiana,5.483967391304348,140,6196638,2.3,1.9,2.6,149
176,2003,Iowa,4.6595959595959595,43,2941999,1.5,1.1,2,149
177,2003,Kansas,4.432619047619048,78,2723004,2.9,2.3,3.6,149
178,2003,Kentucky,6.87375,242,4117170,5.9,5.1,6.6,149
179,2003,Louisiana,8.4484375,131,4521042,2.9,2.4,3.4,149
180,2003,Maine,5.572395833333334,92,1306513,7,5.7,8.6,149
181,2003,Maryland,4.7131944444444445,568,5496269,10.3,9.5,11.2,149
182,2003,Massachusetts,5.27202380952381,595,6422565,9.3,8.5,10,149
183,2003,Michigan,8.017871485943775,278,10041152,2.8,2.4,3.1,149
184,2003,Minnesota,5.2877394636015325,122,5053572,2.4,2,2.8,149
185,2003,Mississippi,7.5061991869918705,31,2868312,1.1,0.7,1.5,149
186,2003,Missouri,5.870869565217391,277,5709403,4.9,4.3,5.4,149
187,2003,Montana,4.973511904761905,46,919630,5,3.7,6.7,149
188,2003,Nevada,4.976960784313725,287,2248850,12.8,11.3,14.2,149
189,2003,New Hampshire,3.996666666666667,99,1279840,7.7,6.3,9.4,149
190,2003,New Jersey,5.876587301587302,466,8601402,5.4,4.9,5.9,149
191,2003,New Mexico,6.416414141414141,228,1877574,12.1,10.6,13.7,149
192,2003,New York,5.688978494623656,614,19175939,3.2,2.9,3.5,149
193,2003,North Carolina,6.808166666666667,506,8422501,6,5.5,6.5,149
194,2003,Ohio,6.814962121212122,398,11434788,3.5,3.1,3.8,149
195,2003,Oklahoma,5.5204545454545455,262,3504892,7.5,6.6,8.4,149
196,2003,Oregon,8.618981481481482,264,3547376,7.4,6.5,8.3,149
197,2003,Pennsylvania,6.066666666666667,481,12374658,3.9,3.5,4.2,149
198,2003,Rhode Island,4.84,108,1071342,10.1,8.2,12,149
199,2003,South Carolina,8.259057971014492,95,4150297,2.3,1.9,2.8,149
200,2003,Tennessee,6.7235964912280695,312,5847812,5.3,4.7,5.9,149
201,2003,Texas,6.343044619422572,825,22030931,3.7,3.5,4,149
202,2003,Utah,6.163505747126437,272,2360137,11.5,10.2,12.9,149
203,2003,Vermont,4.582738095238095,50,617858,8.1,6,10.7,149
204,2003,Virginia,4.830451127819549,374,7366977,5.1,4.6,5.6,149
205,2003,Washington,8.482051282051282,492,6104115,8.1,7.3,8.8,149
206,2003,West Virginia,6.754545454545455,203,1812295,11.2,9.7,12.7,149
207,2003,Wisconsin,6.042476851851852,203,5479203,3.7,3.2,4.2,149
208,2004,Alabama,6.66592039800995,92,4530729,2,1.6,2.5,155
209,2004,Arizona,7.001666666666666,360,5652404,6.4,5.7,7,155
210,2004,Arkansas,6.534000000000001,133,2749686,4.8,4,5.7,155
211,2004,California,7.529166666666667,1547,35574576,4.3,4.1,4.6,155
212,2004,Colorado,5.200911458333334,233,4575013,5.1,4.4,5.7,155
213,2004,Connecticut,4.8125,196,3496094,5.6,4.8,6.4,155
214,2004,Delaware,3.797222222222222,38,830803,4.6,3.2,6.3,155
215,2004,Hawaii,3.5354166666666664,64,1273569,5,3.9,6.4,155
216,2004,Idaho,5.742045454545455,48,1391802,3.4,2.5,4.6,155
217,2004,Illinois,6.0754084967320265,575,12589773,4.6,4.2,4.9,155
218,2004,Indiana,5.561413043478261,150,6233007,2.4,2,2.8,155
219,2004,Iowa,4.570117845117846,65,2953635,2.2,1.7,2.8,155
220,2004,Kansas,4.708888888888889,118,2734373,4.3,3.5,5.1,155
221,2004,Kentucky,6.080208333333333,237,4146101,5.7,5,6.4,155
222,2004,Louisiana,6.918229166666666,158,4552238,3.5,2.9,4,155
223,2004,Maine,5.203125,105,1313688,8,6.5,9.5,155
224,2004,Maryland,4.480208333333334,493,5546935,8.9,8.1,9.7,155
225,2004,Massachusetts,4.882142857142857,467,6412281,7.3,6.6,7.9,155
226,2004,Michigan,7.838253012048193,390,10055315,3.9,3.5,4.3,155
227,2004,Minnesota,5.146455938697318,149,5087713,2.9,2.5,3.4,155
228,2004,Mississippi,7.2822154471544716,28,2889010,1,0.6,1.4,155
229,2004,Missouri,5.917028985507247,284,5747741,4.9,4.4,5.5,155
230,2004,Montana,5.038095238095238,46,930009,4.9,3.6,6.6,155
231,2004,Nebraska,3.536290322580645,26,1749370,1.5,1,2.2,155
232,2004,Nevada,4.4073529411764705,330,2346222,14.1,12.5,15.6,155
233,2004,New Hampshire,3.5566666666666666,92,1290121,7.1,5.7,8.7,155
234,2004,New Jersey,4.905555555555556,326,8634561,3.8,3.4,4.2,155
235,2004,New Mexico,6.07449494949495,192,1903808,10.1,8.7,11.5,155
236,2004,New York,5.508467741935484,514,19171567,2.7,2.4,2.9,155
237,2004,North Carolina,5.89975,576,8553152,6.7,6.2,7.3,155
238,2004,Ohio,6.90748106060606,557,11452251,4.9,4.5,5.3,155
239,2004,Oklahoma,5.046103896103896,325,3525233,9.2,8.2,10.2,155
240,2004,Oregon,7.961574074074075,274,3569463,7.7,6.8,8.6,155
241,2004,Pennsylvania,5.774004975124378,484,12410722,3.9,3.6,4.2,155
242,2004,Rhode Island,4.746666666666667,80,1074579,7.4,5.9,9.3,155
243,2004,South Carolina,8.043297101449275,134,4210921,3.2,2.6,3.7,155
244,2004,South Dakota,4.2199494949494945,21,770396,2.7,1.7,4.2,155
245,2004,Tennessee,6.210789473684211,403,5910809,6.8,6.2,7.5,155
246,2004,Texas,5.97263779527559,836,22394023,3.7,3.5,4,155
247,2004,Utah,5.549137931034482,275,2401580,11.5,10.1,12.8,155
248,2004,Vermont,3.913095238095238,41,619920,6.6,4.7,9,155
249,2004,Virginia,4.518483709273183,399,7475575,5.3,4.8,5.9,155
250,2004,Washington,7.30982905982906,606,6178645,9.8,9,10.6,155
251,2004,West Virginia,5.846666666666667,273,1816438,15,13.2,16.8,155
252,2004,Wisconsin,5.398842592592593,226,5514026,4.1,3.6,4.6,155
253,2005,Alabama,5.183830845771144,83,4569805,1.8,1.4,2.3,163
254,2005,Arizona,6.599444444444445,393,5839077,6.7,6.1,7.4,163
255,2005,Arkansas,6.088777777777778,127,2781097,4.6,3.8,5.4,163
256,2005,California,6.818821839080459,1485,35827943,4.1,3.9,4.4,163
257,2005,Colorado,4.924739583333333,310,4631888,6.7,5.9,7.4,163
258,2005,Connecticut,4.7593749999999995,175,3506956,5,4.3,5.7,163
259,2005,Delaware,3.933333333333333,33,845150,3.9,2.7,5.5,163
260,2005,Hawaii,2.9416666666666664,75,1292729,5.8,4.6,7.3,163
261,2005,Idaho,4.6875,52,1428241,3.6,2.7,4.8,163
262,2005,Illinois,5.441748366013072,647,12609903,5.1,4.7,5.5,163
263,2005,Indiana,5.705706521739131,169,6278616,2.7,2.3,3.1,163
264,2005,Iowa,4.424663299663299,74,2964454,2.5,2,3.1,163
265,2005,Kansas,4.377539682539682,112,2745299,4.1,3.3,4.8,163
266,2005,Kentucky,6.572638888888889,294,4182742,7,6.2,7.8,163
267,2005,Louisiana,7.6265625,185,4576628,4,3.5,4.6,163
268,2005,Maine,5.5515625,124,1318787,9.4,7.7,11.1,163
269,2005,Maryland,4.362152777777777,507,5592379,9.1,8.3,9.9,163
270,2005,Massachusetts,4.678571428571429,579,6403290,9,8.3,9.8,163
271,2005,Michigan,7.583232931726907,527,10051137,5.2,4.8,5.7,163
272,2005,Minnesota,4.613122605363985,162,5119598,3.2,2.7,3.7,163
273,2005,Mississippi,8.192378048780489,44,2905943,1.5,1.1,2,163
274,2005,Missouri,5.493913043478261,306,5790300,5.3,4.7,5.9,163
275,2005,Montana,4.686458333333333,47,940102,5,3.7,6.6,163
276,2005,Nebraska,3.461559139784946,43,1761497,2.4,1.8,3.3,163
277,2005,Nevada,4.3691176470588236,365,2432143,15,13.5,16.5,163
278,2005,New Hampshire,3.4025000000000003,111,1298492,8.5,7,10.1,163
279,2005,New Jersey,4.579761904761904,454,8651974,5.2,4.8,5.7,163
280,2005,New Mexico,5.596969696969698,219,1932274,11.3,9.8,12.8,163
281,2005,New York,4.943010752688172,580,19132610,3,2.8,3.3,163
282,2005,North Carolina,5.68975,659,8705407,7.6,7,8.1,163
283,2005,Ohio,6.488825757575757,591,11463320,5.2,4.7,5.6,163
284,2005,Oklahoma,4.598376623376623,319,3548597,9,8,10,163
285,2005,Oregon,6.889814814814815,318,3613202,8.8,7.8,9.8,163
286,2005,Pennsylvania,5.27773631840796,524,12449990,4.2,3.8,4.6,163
287,2005,Rhode Island,4.661666666666666,122,1067916,11.4,9.4,13.5,163
288,2005,South Carolina,7.955253623188407,154,4270150,3.6,3,4.2,163
289,2005,South Dakota,4.479040404040404,22,775493,2.8,1.8,4.3,163
290,2005,Tennessee,6.606666666666667,466,5991057,7.8,7.1,8.5,163
291,2005,Utah,4.63764367816092,345,2457719,14,12.6,15.5,163
292,2005,Vermont,3.7267857142857146,46,621215,7.4,5.4,9.9,163
293,2005,Virginia,4.290827067669173,385,7577105,5.1,4.6,5.6,163
294,2005,Washington,6.6841880341880335,629,6257305,10.1,9.3,10.8,163
295,2005,West Virginia,5.656818181818182,154,1820492,8.5,7.1,9.8,163
296,2005,Wisconsin,5.156828703703703,281,5546166,5.1,4.5,5.7,163
297,2006,Alabama,4.774378109452736,134,4628981,2.9,2.4,3.4,174
298,2006,Arizona,5.984999999999999,479,6029141,7.9,7.2,8.7,174
299,2006,Arkansas,5.891,149,2821761,5.3,4.4,6.1,174
300,2006,California,6.282614942528736,1602,36021202,4.4,4.2,4.7,174
301,2006,Colorado,4.21796875,337,4720423,7.1,6.4,7.9,174
302,2006,Connecticut,4.258333333333334,238,3517460,6.8,5.9,7.6,174
303,2006,Delaware,3.4305555555555554,42,859268,4.9,3.5,6.6,174
304,2006,Hawaii,2.6791666666666667,67,1309731,5.1,4,6.5,174
305,2006,Idaho,4.10719696969697,71,1468669,4.8,3.8,6.1,174
306,2006,Illinois,4.713643790849673,929,12643955,7.3,6.9,7.8,174
307,2006,Indiana,5.22409420289855,188,6332669,3,2.5,3.4,174
308,2006,Iowa,3.8336700336700336,101,2982644,3.4,2.7,4,174
309,2006,Kansas,3.8199206349206354,127,2762931,4.6,3.8,5.4,174
310,2006,Kentucky,6.387777777777777,343,4219239,8.1,7.3,9,174
311,2006,Maine,5.194270833333333,97,1323619,7.3,5.9,8.9,174
312,2006,Maryland,4.1350694444444445,584,5627367,10.4,9.5,11.2,174
313,2006,Massachusetts,4.738095238095238,670,6410084,10.5,9.7,11.2,174
314,2006,Michigan,7.98433734939759,641,10036081,6.4,5.9,6.9,174
315,2006,Minnesota,4.576628352490421,188,5163555,3.6,3.1,4.2,174
316,2006,Mississippi,7.1883130081300814,69,2904978,2.4,1.8,3,174
317,2006,Missouri,4.984057971014493,418,5842704,7.2,6.5,7.8,174
318,2006,Montana,3.7683035714285715,52,952692,5.5,4.1,7.2,174
319,2006,Nebraska,2.931810035842294,34,1772693,1.9,1.3,2.7,174
320,2006,Nevada,4.43921568627451,378,2522658,15,13.5,16.5,174
321,2006,New Hampshire,3.3358333333333334,108,1308389,8.3,6.7,9.8,174
322,2006,New Jersey,4.842063492063493,377,8661679,4.4,3.9,4.8,174
323,2006,New Mexico,4.524747474747475,252,1962137,12.8,11.3,14.4,174
324,2006,New York,4.650403225806452,1056,19104631,5.5,5.2,5.9,174
325,2006,North Carolina,5.181666666666667,708,8917270,7.9,7.4,8.5,174
326,2006,Ohio,5.825378787878789,675,11481213,5.9,5.4,6.3,174
327,2006,Oklahoma,4.060497835497835,394,3594090,11,9.9,12,174
328,2006,Oregon,5.988425925925926,396,3670883,10.8,9.7,11.9,174
329,2006,Pennsylvania,4.851492537313432,429,12510809,3.4,3.1,3.8,174
330,2006,Rhode Island,4.573333333333333,132,1063096,12.4,10.3,14.5,174
331,2006,South Carolina,7.753804347826088,234,4357847,5.4,4.7,6.1,174
332,2006,South Dakota,3.731060606060606,24,783033,3.1,2,4.6,174
333,2006,Tennessee,6.1398245614035085,483,6088766,7.9,7.2,8.6,174
334,2006,Texas,4.974475065616798,1107,23359580,4.7,4.5,5,174
335,2006,Utah,3.445977011494253,343,2525507,13.6,12.1,15,174
336,2006,Vermont,3.925,59,622892,9.5,7.2,12.2,174
337,2006,Virginia,3.743107769423559,427,7673725,5.6,5,6.1,174
338,2006,Washington,6.336538461538462,689,6370753,10.8,10,11.6,174
339,2006,West Virginia,5.465454545454545,299,1827912,16.4,14.5,18.2,174
340,2006,Wisconsin,5.215625,352,5577655,6.3,5.7,7,174
341,2007,Alabama,4.8982587064676615,172,4672840,3.7,3.1,4.2,184
342,2007,Arizona,5.42,490,6167681,7.9,7.2,8.6,184
343,2007,Arkansas,6.049111111111111,156,2848650,5.5,4.6,6.3,184
344,2007,California,6.798563218390805,1762,36250311,4.9,4.6,5.1,184
345,2007,Colorado,3.580208333333333,368,4803868,7.7,6.9,8.4,184
346,2007,Connecticut,4.383333333333334,249,3527270,7.1,6.2,7.9,184
347,2007,Delaware,3.4000000000000004,52,871749,6,4.5,7.8,184
348,2007,Hawaii,2.9604166666666667,82,1315675,6.2,5,7.7,184
349,2007,Idaho,3.4384469696969697,64,1505105,4.3,3.3,5.4,184
350,2007,Illinois,5.171977124183006,739,12695866,5.8,5.4,6.2,184
351,2007,Indiana,4.707427536231884,251,6379599,3.9,3.4,4.4,184
352,2007,Iowa,3.8496632996632996,112,2999212,3.7,3,4.4,184
353,2007,Kansas,3.8038888888888884,128,2783785,4.6,3.8,5.4,184
354,2007,Kentucky,6.137222222222222,356,4256672,8.4,7.5,9.2,184
355,2007,Maine,5.347395833333334,108,1327040,8.1,6.6,9.7,184
356,2007,Maryland,3.801041666666667,620,5653408,11,10.1,11.8,184
357,2007,Massachusetts,4.501190476190477,660,6431559,10.3,9.5,11,184
358,2007,Michigan,8.067469879518072,523,10001284,5.2,4.8,5.7,184
359,2007,Minnesota,5.171168582375479,185,5207203,3.6,3,4.1,184
360,2007,Mississippi,7.146747967479675,98,2928350,3.3,2.7,4.1,184
361,2007,Missouri,5.332898550724638,406,5887612,6.9,6.2,7.6,184
362,2007,Montana,3.853422619047619,62,964706,6.4,4.9,8.2,184
363,2007,Nebraska,2.8706093189964155,41,1783440,2.3,1.6,3.1,184
364,2007,Nevada,4.526470588235294,414,2601072,15.9,14.4,17.4,184
365,2007,New Hampshire,3.506666666666667,148,1312540,11.3,9.5,13.1,184
366,2007,New Jersey,4.448412698412699,348,8677885,4,3.6,4.4,184
367,2007,New Mexico,4.051010101010101,272,1990070,13.7,12,15.3,184
368,2007,New York,4.709274193548387,1064,19132335,5.6,5.2,5.9,184
369,2007,North Carolina,5.149416666666667,758,9118037,8.3,7.7,8.9,184
370,2007,Ohio,5.953977272727272,755,11500468,6.6,6.1,7,184
371,2007,Oklahoma,4.117640692640692,500,3634349,13.8,12.6,15,184
372,2007,Oregon,5.703009259259259,362,3722417,9.7,8.7,10.7,184
373,2007,Pennsylvania,4.720273631840796,501,12563937,4,3.6,4.3,184
374,2007,Rhode Island,4.783333333333333,89,1057315,8.4,6.8,10.4,184
375,2007,South Carolina,7.010688405797102,206,4444110,4.6,4,5.3,184
376,2007,South Dakota,3.4642676767676766,21,791623,2.7,1.6,4.1,184
377,2007,Tennessee,5.4959649122807015,494,6175727,8,7.3,8.7,184
378,2007,Texas,4.090255905511811,1064,23831983,4.5,4.2,4.7,184
379,2007,Utah,2.9942528735632186,382,2597746,14.7,13.2,16.2,184
380,2007,Vermont,4.370238095238095,54,623481,8.7,6.5,11.3,184
381,2007,Virginia,3.7150375939849622,520,7751000,6.7,6.1,7.3,184
382,2007,Washington,6.116239316239317,675,6461587,10.4,9.7,11.2,184
383,2007,West Virginia,5.1422727272727276,347,1834052,18.9,16.9,20.9,184
384,2007,Wisconsin,5.393287037037037,390,5610775,7,6.3,7.6,184
385,2007,Wyoming,2.9402173913043477,25,534876,4.7,3,6.9,184
386,2008,Alabama,6.977238805970149,195,4718206,4.1,3.6,4.7,196
387,2008,Arizona,8.07611111111111,515,6280362,8.2,7.5,8.9,196
388,2008,Arkansas,6.212666666666666,210,2874554,7.3,6.3,8.3,196
389,2008,California,8.654166666666667,1889,36604337,5.2,4.9,5.4,196
390,2008,Colorado,4.62421875,365,4889730,7.5,6.7,8.2,196
391,2008,Connecticut,5.538541666666667,233,3545579,6.6,5.7,7.4,196
392,2008,Delaware,4.966666666666667,68,883874,7.7,6,9.8,196
393,2008,Hawaii,4.902083333333334,58,1332213,4.4,3.3,5.6,196
394,2008,Idaho,5.372916666666667,75,1534320,4.9,3.8,6.1,196
395,2008,Illinois,6.602042483660131,895,12747038,7,6.6,7.5,196
396,2008,Indiana,6.153260869565218,324,6424806,5,4.5,5.6,196
397,2008,Iowa,4.387962962962963,138,3016734,4.6,3.8,5.3,196
398,2008,Kansas,4.013730158730159,103,2808076,3.7,3,4.4,196
399,2008,Kentucky,7.176388888888889,377,4289878,8.8,7.9,9.7,196
400,2008,Louisiana,5.88828125,141,4435586,3.2,2.7,3.7,196
401,2008,Maine,6.2078125,108,1330509,8.1,6.6,9.6,196
402,2008,Maryland,4.672916666666667,533,5684965,9.4,8.6,10.2,196
403,2008,Massachusetts,5.433333333333333,612,6468967,9.5,8.7,10.2,196
404,2008,Michigan,8.687550200803212,656,9946889,6.6,6.1,7.1,196
405,2008,Minnesota,5.9735632183908045,234,5247018,4.5,3.9,5,196
406,2008,Mississippi,7.734756097560975,106,2947806,3.6,2.9,4.3,196
407,2008,Missouri,6.25768115942029,490,5923916,8.3,7.5,9,196
408,2008,Montana,5.116220238095238,70,976415,7.2,5.6,9.1,196
409,2008,Nebraska,3.2088709677419356,30,1796378,1.7,1.1,2.4,196
410,2008,Nevada,6.3843137254901965,437,2653630,16.5,14.9,18,196
411,2008,New Hampshire,3.8508333333333336,94,1315906,7.1,5.8,8.7,196
412,2008,New Jersey,5.52936507936508,347,8711090,4,3.6,4.4,196
413,2008,New Mexico,4.6840909090909095,330,2010662,16.4,14.6,18.2,196
414,2008,New York,5.772983870967742,1169,19212436,6.1,5.7,6.4,196
415,2008,North Carolina,6.71725,859,9309449,9.2,8.6,9.8,196
416,2008,North Dakota,3.5999999999999996,32,657569,4.9,3.3,6.9,196
417,2008,Ohio,7.038162878787879,863,11515391,7.5,7,8,196
418,2008,Oklahoma,3.685064935064935,416,3668976,11.3,10.2,12.4,196
419,2008,Oregon,7.223842592592592,348,3768748,9.2,8.3,10.2,196
420,2008,Pennsylvania,5.705721393034826,620,12612285,4.9,4.5,5.3,196
421,2008,Rhode Island,7.1883333333333335,133,1055003,12.6,10.5,14.7,196
422,2008,South Carolina,8.371739130434783,228,4528996,5,4.4,5.7,196
423,2008,South Dakota,3.6042929292929293,32,799124,4,2.7,5.7,196
424,2008,Tennessee,7.841140350877192,499,6247411,8,7.3,8.7,196
425,2008,Utah,4.031034482758621,371,2663029,13.9,12.5,15.3,196
426,2008,Vermont,5.075,59,624151,9.5,7.2,12.2,196
427,2008,Virginia,4.323684210526316,501,7833496,6.4,5.8,7,196
428,2008,Washington,6.639102564102564,712,6562231,10.8,10.1,11.6,196
429,2008,West Virginia,4.920151515151516,387,1840310,21,18.9,23.1,196
430,2008,Wisconsin,5.412847222222222,380,5640996,6.7,6.1,7.4,196
431,2008,Wyoming,3.157608695652174,48,546043,8.8,6.5,11.7,196
432,2009,Alabama,13.166169154228855,210,4757938,4.4,3.8,5,202
433,2009,Arizona,12.91,625,6343154,9.9,9.1,10.6,202
434,2009,Arkansas,8.660555555555556,221,2896843,7.6,6.6,8.6,202
435,2009,California,12.4191091954023,2128,36961229,5.8,5.5,6,202
436,2009,Colorado,6.5203125,412,4972195,8.3,7.5,9.1,202
437,2009,Connecticut,7.721875,220,3561807,6.2,5.4,7,202
438,2009,Delaware,8.230555555555556,93,891730,10.4,8.4,12.8,202
439,2009,Hawaii,8.785416666666666,59,1346717,4.4,3.3,5.7,202
440,2009,Idaho,8.803977272727273,66,1554439,4.2,3.3,5.4,202
441,2009,Illinois,9.94297385620915,933,12796778,7.3,6.8,7.8,202
442,2009,Indiana,10.913134057971014,339,6459325,5.2,4.7,5.8,202
443,2009,Iowa,6.794360269360269,148,3032870,4.9,4.1,5.7,202
444,2009,Kansas,5.663968253968254,160,2832704,5.6,4.8,6.5,202
445,2009,Louisiana,7.6453125,131,4491648,2.9,2.4,3.4,202
446,2009,Maine,8.982291666666667,119,1329590,9,7.3,10.6,202
447,2009,Maryland,7.659375000000001,594,5730388,10.4,9.5,11.2,202
448,2009,Massachusetts,8.024404761904762,636,6517613,9.8,9,10.5,202
449,2009,Michigan,13.668674698795181,747,9901591,7.5,7,8.1,202
450,2009,Minnesota,8.03036398467433,278,5281203,5.3,4.6,5.9,202
451,2009,Mississippi,11.147764227642275,98,2958774,3.3,2.7,4,202
452,2009,Missouri,9.276014492753623,548,5961088,9.2,8.4,10,202
453,2009,Montana,6.403273809523809,94,983982,9.6,7.7,11.7,202
454,2009,Nebraska,4.249641577060932,68,1812683,3.8,2.9,4.8,202
455,2009,Nevada,9.538725490196079,498,2684665,18.5,16.9,20.2,202
456,2009,New Hampshire,6.174166666666666,127,1316102,9.6,8,11.3,202
457,2009,New Jersey,9.303174603174604,57,8755602,0.7,0.5,0.8,202
458,2009,New Mexico,7.588383838383838,212,2036802,10.4,9,11.8,202
459,2009,New York,8.221639784946236,1107,19307066,5.7,5.4,6.1,202
460,2009,North Carolina,11.258166666666666,864,9449566,9.1,8.5,9.8,202
461,2009,Ohio,11.654261363636364,716,11528896,6.2,5.8,6.7,202
462,2009,Oklahoma,6.477813852813853,583,3717572,15.7,14.4,17,202
463,2009,Oregon,11.68425925925926,382,3808600,10,9,11,202
464,2009,Pennsylvania,8.791293532338308,654,12666858,5.2,4.8,5.6,202
465,2009,Rhode Island,10.208333333333334,117,1053646,11.1,9.1,13.1,202
466,2009,South Carolina,13.271557971014492,248,4589872,5.4,4.7,6.1,202
467,2009,South Dakota,5.175631313131314,35,807067,4.3,3,6,202
468,2009,Tennessee,12.503421052631579,548,6306019,8.7,8,9.4,202
469,2009,Utah,7.835344827586207,393,2723421,14.4,13,15.9,202
470,2009,Vermont,7.113095238095238,46,624817,7.4,5.4,9.8,202
471,2009,Washington,9.985256410256412,737,6667426,11.1,10.3,11.9,202
472,2009,West Virginia,8.80030303030303,193,1847775,10.4,9,11.9,202
473,2009,Wisconsin,9.160763888888889,406,5669264,7.2,6.5,7.9,202
474,2009,Wyoming,6.315579710144927,34,559851,6.1,4.2,8.5,202
475,2010,Alabama,12.360696517412935,194,4779736,4.1,3.5,4.6,210
476,2010,Arizona,13.06,650,6392017,10.2,9.4,11,210
477,2010,Arkansas,9.101111111111111,198,2915918,6.8,5.8,7.7,210
478,2010,California,13.893275862068966,2059,37253956,5.5,5.3,5.8,210
479,2010,Colorado,8.608593749999999,325,5029196,6.5,5.8,7.2,210
480,2010,Connecticut,8.890625,225,3574097,6.3,5.5,7.1,210
481,2010,Delaware,8.56388888888889,116,897934,12.9,10.6,15.3,210
482,2010,Hawaii,8.272916666666667,77,1360301,5.7,4.5,7.1,210
483,2010,Idaho,9.526136363636365,81,1567582,5.2,4.1,6.4,210
484,2010,Illinois,9.895179738562092,921,12830632,7.2,6.7,7.6,210
485,2010,Indiana,10.70715579710145,300,6483802,4.6,4.1,5.2,210
486,2010,Iowa,6.126430976430976,163,3046355,5.4,4.5,6.2,210
487,2010,Kansas,6.008412698412699,111,2853118,3.9,3.2,4.6,210
488,2010,Kentucky,11.453402777777779,624,4339367,14.4,13.3,15.5,210
489,2010,Louisiana,9.0196875,130,4533372,2.9,2.4,3.4,210
490,2010,Maine,8.728125,91,1328361,6.9,5.5,8.4,210
491,2010,Maryland,8.502777777777778,522,5773552,9,8.3,9.8,210
492,2010,Massachusetts,8.785714285714286,577,6547629,8.8,8.1,9.5,210
493,2010,Michigan,13.353313253012049,725,9883640,7.3,6.8,7.9,210
494,2010,Minnesota,7.683237547892721,242,5303925,4.6,4,5.1,210
495,2010,Mississippi,12.02540650406504,105,2967297,3.5,2.9,4.2,210
496,2010,Missouri,10.161159420289854,612,5988927,10.2,9.4,11,210
497,2010,Montana,6.588690476190477,55,989415,5.6,4.2,7.2,210
498,2010,Nebraska,4.325627240143369,61,1826341,3.3,2.6,4.3,210
499,2010,Nevada,12.108333333333333,520,2700551,19.3,17.6,20.9,210
500,2010,New Hampshire,5.796666666666667,119,1316470,9,7.4,10.7,210
501,2010,New Jersey,9.950793650793651,384,8791894,4.4,3.9,4.8,210
502,2010,New Mexico,8.71489898989899,201,2059179,9.8,8.4,11.1,210
503,2010,New York,8.611021505376344,1115,19378102,5.8,5.4,6.1,210
504,2010,North Carolina,11.713416666666667,787,9535483,8.3,7.7,8.8,210
505,2010,Ohio,11.431818181818182,1197,11536504,10.4,9.8,11,210
506,2010,Oklahoma,7.1629870129870135,523,3751351,13.9,12.7,15.1,210
507,2010,Oregon,11.402314814814815,337,3831074,8.8,7.9,9.7,210
508,2010,Pennsylvania,8.92089552238806,640,12702379,5,4.6,5.4,210
509,2010,Rhode Island,10.435,112,1052567,10.6,8.7,12.6,210
510,2010,South Carolina,13.15072463768116,278,4625364,6,5.3,6.7,210
511,2010,South Dakota,5.249368686868687,33,814180,4.1,2.8,5.7,210
512,2010,Tennessee,11.314298245614035,652,6346105,10.3,9.5,11.1,210
513,2010,Texas,7.9732939632545925,1171,25145561,4.7,4.4,4.9,210
514,2010,Utah,8.539367816091954,353,2763885,12.8,11.4,14.1,210
515,2010,Vermont,6.755952380952381,45,625741,7.2,5.2,9.6,210
516,2010,Virginia,8.48045112781955,400,8001024,5,4.5,5.5,210
517,2010,Washington,10.772435897435898,648,6724540,9.6,8.9,10.4,210
518,2010,West Virginia,9.747121212121213,495,1852994,26.7,24.4,29.1,210
519,2010,Wisconsin,9.389467592592593,420,5686986,7.4,6.7,8.1,210
520,2010,Wyoming,6.181884057971015,49,563626,8.7,6.4,11.5,210
521,2011,Alabama,11.211069651741294,180,4802740,3.7,3.2,4.3,219
522,2011,Arizona,12.219444444444445,596,6482505,9.2,8.5,9.9,219
523,2011,Arkansas,9.302555555555555,176,2937979,6,5.1,6.9,219
524,2011,California,13.325705329153603,2057,37691912,5.5,5.2,5.7,219
525,2011,Colorado,8.276953125,423,5116796,8.3,7.5,9.1,219
526,2011,Connecticut,8.554166666666667,213,3580709,5.9,5.1,6.7,219
527,2011,Delaware,7.7250000000000005,115,907135,12.7,10.4,15,219
528,2011,Hawaii,8.075000000000001,78,1374810,5.7,4.5,7.1,219
529,2011,Idaho,8.995454545454546,80,1584985,5,4,6.3,219
530,2011,Illinois,9.07704248366013,955,12869257,7.4,7,7.9,219
531,2011,Indiana,9.29003623188406,375,6516922,5.8,5.2,6.3,219
532,2011,Iowa,5.572222222222222,183,3062309,6,5.1,6.8,219
533,2011,Kansas,5.617380952380952,131,2871238,4.6,3.8,5.3,219
534,2011,Kentucky,10.495555555555557,707,4369356,16.2,15,17.4,219
535,2011,Louisiana,8.933854166666666,121,4574836,2.6,2.2,3.1,219
536,2011,Maine,8.585416666666667,95,1328188,7.2,5.8,8.7,219
537,2011,Maryland,8.096527777777778,562,5828289,9.6,8.8,10.4,219
538,2011,Massachusetts,7.808333333333333,669,6587536,10.2,9.4,10.9,219
539,2011,Michigan,11.381626506024096,756,9876187,7.7,7.1,8.2,219
540,2011,Minnesota,6.852777777777778,295,5344861,5.5,4.9,6.1,219
541,2011,Mississippi,11.508231707317073,84,2978512,2.8,2.2,3.5,219
542,2011,Missouri,9.088985507246376,614,6010688,10.2,9.4,11,219
543,2011,Montana,6.491517857142857,63,998199,6.3,4.8,8.1,219
544,2011,Nebraska,4.0787634408602145,54,1842641,2.9,2.2,3.8,219
545,2011,Nevada,11.626960784313725,532,2723322,19.5,17.9,21.2,219
546,2011,New Hampshire,5.39,158,1318194,12,10.1,13.9,219
547,2011,New Jersey,9.81468253968254,478,8821155,5.4,4.9,5.9,219
548,2011,New Mexico,8.237878787878788,254,2082224,12.2,10.7,13.7,219
549,2011,New York,8.426747311827956,1417,19465197,7.3,6.9,7.7,219
550,2011,North Carolina,11.328166666666666,829,9656401,8.6,8,9.2,219
551,2011,Ohio,9.763352272727273,1333,11544951,11.5,10.9,12.2,219
552,2011,Oklahoma,6.203787878787879,492,3791508,13,11.8,14.1,219
553,2011,Oregon,10.595601851851852,402,3871859,10.4,9.4,11.4,219
554,2011,Pennsylvania,8.123258706467663,770,12742886,6,5.6,6.5,219
555,2011,Rhode Island,10.28,145,1051302,13.8,11.5,16,219
556,2011,South Carolina,12.586050724637682,249,4679230,5.3,4.7,6,219
557,2011,South Dakota,5.215782828282828,35,824082,4.2,3,5.9,219
558,2011,Tennessee,10.447105263157896,663,6403353,10.4,9.6,11.1,219
559,2011,Texas,7.498293963254593,1218,25674681,4.7,4.5,5,219
560,2011,Utah,7.592528735632183,394,2817222,14,12.6,15.4,219
561,2011,Vermont,6.147619047619047,60,626431,9.6,7.3,12.3,219
562,2011,Virginia,7.743170426065163,582,8096604,7.2,6.6,7.8,219
563,2011,Washington,10.351495726495726,712,6830038,10.4,9.7,11.2,219
564,2011,West Virginia,8.988939393939393,596,1855364,32.1,29.5,34.7,219
565,2011,Wisconsin,8.46886574074074,484,5711767,8.5,7.7,9.2,219
566,2011,Wyoming,5.6278985507246375,47,568158,8.3,6.1,11,219
567,2012,Alabama,9.260572139303482,175,4822023,3.6,3.1,4.2,217
568,2012,Arizona,11.218333333333334,565,6553255,8.6,7.9,9.3,217
569,2012,Arkansas,8.532222222222222,181,2949131,6.1,5.2,7,217
570,2012,California,11.637931034482758,1847,38041430,4.9,4.6,5.1,217
571,2012,Colorado,7.880598958333334,415,5187582,8,7.2,8.8,217
572,2012,Connecticut,8.132291666666667,202,3590347,5.6,4.9,6.4,217
573,2012,Delaware,7.402777777777778,86,917092,9.4,7.5,11.6,217
574,2012,Hawaii,6.864583333333333,64,1392313,4.6,3.5,5.9,217
575,2012,Idaho,7.857386363636364,61,1595728,3.8,2.9,4.9,217
576,2012,Illinois,8.552941176470588,1204,12875255,9.4,8.8,9.9,217
577,2012,Indiana,8.454800724637682,397,6537334,6.1,5.5,6.7,217
578,2012,Iowa,5.027777777777778,185,3074186,6,5.2,6.9,217
579,2012,Kansas,5.0472222222222225,184,2885905,6.4,5.5,7.3,217
580,2012,Kentucky,9.357222222222221,713,4380415,16.3,15.1,17.5,217
581,2012,Louisiana,8.050173611111111,180,4601893,3.9,3.3,4.5,217
582,2012,Maine,8.188020833333333,107,1329192,8.1,6.5,9.6,217
583,2012,Maryland,7.734722222222222,667,5884563,11.3,10.5,12.2,217
584,2012,Massachusetts,7.185714285714286,712,6646144,10.7,9.9,11.5,217
585,2012,Michigan,10.116265060240963,700,9883360,7.1,6.6,7.6,217
586,2012,Minnesota,5.936111111111111,298,5379139,5.5,4.9,6.2,217
587,2012,Mississippi,10.435975609756097,112,2984926,3.8,3.1,4.4,217
588,2012,Missouri,7.493333333333333,556,6021988,9.2,8.5,10,217
589,2012,Montana,5.650892857142857,53,1005141,5.3,3.9,6.9,217
590,2012,Nebraska,3.7247311827956993,60,1855525,3.2,2.5,4.2,217
591,2012,Nevada,10.234803921568627,493,2758931,17.9,16.3,19.4,217
592,2012,New Hampshire,5.433333333333334,134,1320718,10.1,8.4,11.9,217
593,2012,New Jersey,9.800396825396824,625,8864590,7.1,6.5,7.6,217
594,2012,New Mexico,7.7452020202020195,339,2085538,16.3,14.5,18,217
595,2012,New York,8.65268817204301,1576,19570261,8.1,7.7,8.5,217
596,2012,North Carolina,10.367666666666667,841,9752073,8.6,8,9.2,217
597,2012,Ohio,8.07594696969697,1403,11544225,12.2,11.5,12.8,217
598,2012,Oklahoma,5.522943722943722,538,3814820,14.1,12.9,15.3,217
599,2012,Oregon,10.05162037037037,369,3899353,9.5,8.5,10.4,217
600,2012,Pennsylvania,8.004850746268657,840,12763536,6.6,6.1,7,217
601,2012,Rhode Island,9.656666666666666,143,1050292,13.6,11.4,15.8,217
602,2012,South Carolina,11.093115942028986,245,4723723,5.2,4.5,5.8,217
603,2012,South Dakota,4.836616161616162,26,833354,3.1,2,4.6,217
604,2012,Tennessee,9.171578947368422,748,6456243,11.6,10.8,12.4,217
605,2012,Texas,6.578458942632171,1179,26059203,4.5,4.3,4.8,217
606,2012,Utah,6.352298850574712,438,2855287,15.3,13.9,16.8,217
607,2012,Vermont,5.638690476190476,57,626011,9.1,6.9,11.8,217
608,2012,Virginia,7.090225563909774,547,8185867,6.7,6.1,7.2,217
609,2012,Washington,9.543803418803419,717,6897012,10.4,9.6,11.2,217
610,2012,West Virginia,8.449848484848484,513,1855413,27.6,25.3,30,217
611,2012,Wisconsin,7.660648148148148,496,5726398,8.7,7.9,9.4,217
612,2012,Wyoming,5.199275362318841,47,576412,8.2,6,10.8,217
613,2013,Alabama,8.507587064676617,175,4833722,3.6,3.1,4.2,207
614,2013,Arizona,10.721666666666668,545,6626624,8.2,7.5,8.9,207
615,2013,Arkansas,8.305,175,2959373,5.9,5,6.8,207
616,2013,California,10.383620689655173,2088,38332521,5.4,5.2,5.7,207
617,2013,Colorado,7.093098958333333,443,5268367,8.4,7.6,9.2,207
618,2013,Connecticut,7.55,442,3596080,12.3,11.1,13.4,207
619,2013,Delaware,6.927777777777778,115,925749,12.4,10.2,14.7,207
620,2013,Hawaii,5.4624999999999995,70,1404054,5,3.9,6.3,207
621,2013,Idaho,6.842234848484848,81,1612136,5,4,6.2,207
622,2013,Illinois,8.910294117647059,1139,12882135,8.8,8.3,9.4,207
623,2013,Indiana,7.750452898550725,387,6570902,5.9,5.3,6.5,207
624,2013,Iowa,4.7377104377104375,190,3090416,6.1,5.3,7,207
625,2013,Kansas,4.691825396825397,171,2893957,5.9,5,6.8,207
626,2013,Kentucky,9.451805555555556,689,4395295,15.7,14.5,16.8,207
627,2013,Louisiana,7.673828125,270,4625470,5.8,5.1,6.5,207
628,2013,Maine,7.297916666666667,134,1328302,10.1,8.4,11.8,207
629,2013,Maryland,7.298263888888889,759,5928814,12.8,11.9,13.7,207
630,2013,Massachusetts,7.225595238095239,910,6692824,13.6,12.7,14.5,207
631,2013,Michigan,9.983032128514056,934,9895622,9.4,8.8,10,207
632,2013,Minnesota,5.452011494252873,314,5420380,5.8,5.2,6.4,207
633,2013,Mississippi,10.206097560975609,103,2991207,3.4,2.8,4.1,207
634,2013,Missouri,7.171739130434783,644,6044171,10.7,9.8,11.5,207
635,2013,Montana,5.31875,68,1015165,6.7,5.2,8.5,207
636,2013,Nebraska,3.657437275985663,42,1868516,2.2,1.6,3,207
637,2013,Nevada,8.96764705882353,443,2790136,15.9,14.4,17.4,207
638,2013,New Hampshire,4.961666666666667,161,1323459,12.2,10.3,14,207
639,2013,New Jersey,8.652777777777779,711,8899339,8,7.4,8.6,207
640,2013,New Mexico,7.5926767676767675,350,2085287,16.8,15,18.5,207
641,2013,New York,7.704435483870968,1732,19651127,8.8,8.4,9.2,207
642,2013,North Carolina,8.971083333333333,840,9848060,8.5,8,9.1,207
643,2013,Ohio,8.084943181818183,1695,11570808,14.6,14,15.3,207
644,2013,Oklahoma,5.678030303030303,521,3850568,13.5,12.4,14.7,207
645,2013,Oregon,9.091898148148148,310,3930065,7.9,7,8.8,207
646,2013,Pennsylvania,7.695149253731342,970,12773801,7.6,7.1,8.1,207
647,2013,Rhode Island,8.585,195,1051511,18.5,15.9,21.1,207
648,2013,South Carolina,9.21286231884058,250,4774839,5.2,4.6,5.9,207
649,2013,South Dakota,4.394065656565656,34,844877,4,2.8,5.6,207
650,2013,Tennessee,9.104561403508773,789,6495978,12.1,11.3,13,207
651,2013,Texas,6.110465879265092,1114,26448193,4.2,4,4.5,207
652,2013,Utah,5.598850574712644,444,2900872,15.3,13.9,16.7,207
653,2013,Vermont,4.967857142857143,75,626630,12,9.4,15,207
654,2013,Virginia,6.666729323308271,651,8260405,7.9,7.3,8.5,207
655,2013,Washington,8.765384615384615,667,6971406,9.6,8.8,10.3,207
656,2013,West Virginia,7.6834848484848495,518,1854304,27.9,25.5,30.3,207
657,2013,Wisconsin,7.370023148148148,604,5742713,10.5,9.7,11.4,207
658,2013,Wyoming,4.661956521739131,52,582658,8.9,6.7,11.7,207
659,2014,Alabama,7.917164179104478,282,4849377,5.8,5.1,6.5,196
660,2014,Arizona,9.470555555555556,616,6731484,9.2,8.4,9.9,196
661,2014,Arkansas,6.968,179,2966369,6,5.2,6.9,196
662,2014,California,8.820258620689655,2159,38802500,5.6,5.3,5.8,196
663,2014,Colorado,5.198958333333334,532,5355866,9.9,9.1,10.8,196
664,2014,Connecticut,6.440625,531,3596677,14.8,13.5,16,196
665,2014,Delaware,5.897222222222222,125,935614,13.4,11,15.7,196
666,2014,Hawaii,4.747916666666667,62,1419561,4.4,3.3,5.6,196
667,2014,Idaho,5.431628787878788,80,1634464,4.9,3.9,6.1,196
668,2014,Illinois,6.951960784313726,1263,12880580,9.8,9.3,10.3,196
669,2014,Indiana,5.956159420289856,489,6596855,7.4,6.8,8.1,196
670,2014,Iowa,4.208670033670034,170,3107126,5.5,4.6,6.3,196
671,2014,Kansas,4.022936507936508,188,2904021,6.5,5.5,7.4,196
672,2014,Kentucky,7.5654861111111105,762,4413457,17.3,16,18.5,196
673,2014,Louisiana,7.244886363636363,266,4649676,5.7,5,6.4,196
674,2014,Maine,6.235416666666667,174,1330089,13.1,11.1,15,196
675,2014,Maryland,6.435069444444444,932,5976407,15.6,14.6,16.6,196
676,2014,Massachusetts,6.233333333333333,1161,6745408,17.2,16.2,18.2,196
677,2014,Michigan,8.32734939759036,1076,9909877,10.9,10.2,11.5,196
678,2014,Minnesota,4.759195402298851,331,5457173,6.1,5.4,6.7,196
679,2014,Mississippi,8.973373983739837,117,2994079,3.9,3.2,4.6,196
680,2014,Missouri,6.554130434782609,726,6063589,12,11.1,12.8,196
681,2014,Montana,4.677827380952381,54,1023579,5.3,4,6.9,196
682,2014,Nebraska,3.0947132616487454,60,1881503,3.2,2.4,4.1,196
683,2014,Nevada,7.603431372549019,413,2839099,14.5,13.1,15.9,196
684,2014,New Hampshire,4.233333333333333,302,1326813,22.8,20.2,25.3,196
685,2014,New Jersey,7.19563492063492,757,8938175,8.5,7.9,9.1,196
686,2014,New Mexico,7.327777777777778,416,2085572,19.9,18,21.9,196
687,2014,New York,6.311559139784946,1787,19746227,9,8.6,9.5,196
688,2014,North Carolina,7.038500000000001,979,9943964,9.8,9.2,10.5,196
689,2014,North Dakota,3.3124213836477985,34,739482,4.6,3.2,6.4,196
690,2014,Ohio,6.182575757575758,2175,11594163,18.8,18,19.5,196
691,2014,Oklahoma,4.819805194805195,504,3878051,13,11.9,14.1,196
692,2014,Oregon,7.862962962962963,347,3970239,8.7,7.8,9.7,196
693,2014,Pennsylvania,6.109950248756219,1110,12787209,8.7,8.2,9.2,196
694,2014,Rhode Island,7.128333333333333,211,1055173,20,17.3,22.7,196
695,2014,South Carolina,7.592934782608696,530,4832482,11,10,11.9,196
696,2014,South Dakota,4.0256313131313135,33,853175,3.9,2.7,5.4,196
697,2014,Tennessee,7.613245614035088,892,6549352,13.6,12.7,14.5,196
698,2014,Texas,4.950590551181103,1219,26956958,4.5,4.3,4.8,196
699,2014,Utah,4.767816091954023,471,2942902,16,14.6,17.5,196
700,2014,Vermont,4.522619047619047,72,626562,11.5,9,14.5,196
701,2014,Virginia,6.003634085213032,775,8326289,9.3,8.7,10,196
702,2014,Washington,7.407692307692308,692,7061530,9.8,9.1,10.5,196
703,2014,West Virginia,7.5216666666666665,585,1850326,31.6,29.1,34.2,196
704,2014,Wisconsin,6.014930555555555,640,5757564,11.1,10.3,12,196
705,2014,Wyoming,4.121739130434782,57,584153,9.8,7.4,12.6,196
